record_id,begin,length,type
1||||1||||,48,16,HOSPITAL
1||||1||||,138,16,HOSPITAL
1||||1||||,402,16,HOSPITAL
1||||1||||,671,7,HOSPITAL
1||||1||||,724,2,HOSPITAL
1||||1||||,3,2,AGE
1||||1||||,192,4,DATE
1||||1||||,333,5,DATE
1||||1||||,663,4,DATE
1||||4||||,22,17,HOSPITAL
1||||4||||,315,2,HOSPITAL
1||||4||||,0,2,AGE
1||||4||||,167,2,DATE
1||||4||||,318,4,DATE
1||||5||||,77,6,NAME
1||||5||||,68,2,HOSPITAL
1||||5||||,116,6,HOSPITAL
1||||5||||,346,11,HOSPITAL
1||||5||||,2417,2,HOSPITAL
1||||5||||,2380,11,CITY
1||||5||||,42,2,AGE
1||||6||||,36,4,DATE
1||||6||||,55,3,DATE
1||||16||||,770,6,NAME
1||||17||||,914,5,NAME
1||||19||||,583,6,NAME
1||||20||||,1058,6,NAME
1||||22||||,210,10,NAME
1||||25||||,114,6,DATE
1||||25||||,370,2,DATE
1||||26||||,41,4,NAME
1||||27||||,36,2,AGE
1||||27||||,124,3,DATE
1||||27||||,137,3,DATE
1||||27||||,162,3,DATE
1||||27||||,147,3,DATE
1||||27||||,189,3,DATE
1||||28||||,638,7,NAME
1||||33||||,25,10,CITY
1||||34||||,399,7,NAME
1||||34||||,536,7,NAME
1||||34||||,1159,2,DATE
1||||35||||,1360,6,NAME
1||||35||||,1371,6,NAME
1||||37||||,121,7,NAME
1||||43||||,202,5,DATE
1||||51||||,902,7,NAME
1||||52||||,822,3,LOCATION
1||||53||||,395,7,NAME
1||||53||||,0,2,AGE
1||||53||||,53,6,DATE
1||||53||||,110,4,DATE
1||||53||||,796,4,DATE
1||||54||||,29,2,AGE
1||||54||||,84,3,DATE
1||||54||||,376,3,DATE
1||||54||||,407,4,DATE
1||||54||||,836,5,DATE
1||||54||||,1275,5,DATE
1||||56||||,39,2,NAME
1||||60||||,39,5,NAME
1||||63||||,607,7,NAME
1||||63||||,568,3,LOCATION
1||||63||||,556,11,LOCATION
1||||64||||,446,7,NAME
1||||64||||,458,5,NAME
1||||64||||,468,5,NAME
1||||64||||,766,7,NAME
1||||66||||,206,7,NAME
1||||72||||,254,10,HOSPITAL
1||||72||||,795,6,DATE
1||||74||||,166,6,HOSPITAL
1||||78||||,131,6,HOSPITAL
1||||80||||,578,7,NAME
1||||81||||,675,7,NAME
1||||81||||,696,6,HOSPITAL
1||||83||||,867,3,STATE
1||||85||||,25,6,DATE
1||||85||||,784,6,DATE
1||||85||||,873,6,DATE
1||||86||||,59,3,DATE
1||||86||||,127,3,DATE
1||||86||||,574,3,DATE
1||||89||||,139,6,NAME
1||||89||||,42,4,HOSPITAL
1||||89||||,152,14,ORGANIZATION
1||||89||||,197,26,ORGANIZATION
1||||90||||,141,5,NAME
1||||91||||,893,7,NAME
1||||91||||,913,5,NAME
1||||92||||,61,7,NAME
1||||93||||,1220,11,ORGANIZATION
1||||93||||,21,8,DATE
1||||93||||,933,9,DATE
1||||94||||,101,14,ORGANIZATION
2||||2||||,30,13,HOSPITAL
2||||2||||,252,13,HOSPITAL
2||||2||||,480,4,HOSPITAL
2||||2||||,632,2,HOSPITAL
2||||2||||,1,2,AGE
2||||2||||,86,4,DATE
2||||2||||,229,5,DATE
2||||2||||,496,4,DATE
2||||7||||,34,5,NAME
2||||12||||,143,5,NAME
2||||13||||,41,11,HOSPITAL
2||||13||||,391,2,HOSPITAL
2||||13||||,19,2,AGE
2||||13||||,53,4,DATE
2||||13||||,219,4,DATE
2||||13||||,771,2,DATE
2||||13||||,917,4,DATE
2||||13||||,1415,4,DATE
2||||13||||,1623,4,DATE
2||||13||||,2029,4,DATE
2||||13||||,2112,4,DATE
2||||13||||,2195,4,DATE
2||||13||||,1019,4,DATE
2||||14||||,255,1,LOCATION
2||||14||||,243,11,LOCATION
3||||1||||,27,2,LOCATION
3||||1||||,86,2,LOCATION
3||||2||||,234,3,PROFESSION
3||||2||||,214,10,PROFESSION
3||||2||||,241,3,ORGANIZATION
3||||2||||,0,2,AGE
3||||2||||,302,4,DATE
3||||2||||,637,4,DATE
3||||3||||,13,2,AGE
3||||5||||,143,19,NAME
3||||7||||,130,19,NAME
3||||9||||,1663,12,NAME
3||||9||||,0,4,LOCATION
3||||9||||,1730,9,CITY
3||||10||||,292,8,NAME
3||||12||||,97,13,NAME
3||||13||||,250,4,DATE
3||||14||||,682,4,DATE
3||||22||||,1002,6,NAME
3||||24||||,209,8,NAME
3||||25||||,241,7,CITY
3||||28||||,1338,7,NAME
3||||32||||,963,4,NAME
3||||42||||,997,3,DATE
4||||1||||,334,18,HOSPITAL
4||||1||||,538,10,HOSPITAL
4||||1||||,725,14,HOSPITAL
4||||1||||,35,9,ORGANIZATION
4||||1||||,169,2,AGE
4||||1||||,279,4,DATE
4||||1||||,285,4,DATE
4||||1||||,369,4,DATE
4||||1||||,479,4,DATE
4||||1||||,567,4,DATE
4||||2||||,58,11,HOSPITAL
4||||2||||,146,9,ORGANIZATION
5||||2||||,654,4,LOCATION
5||||2||||,378,7,CITY
5||||2||||,0,2,AGE
5||||2||||,87,4,DATE
5||||2||||,158,3,DATE
5||||2||||,181,3,DATE
5||||2||||,426,4,DATE
5||||4||||,1292,5,NAME
5||||13||||,632,14,NAME
6||||1||||,54,2,HOSPITAL
6||||1||||,30,2,AGE
6||||1||||,136,3,DATE
6||||1||||,552,6,DATE
6||||1||||,536,5,DATE
6||||3||||,565,1,LOCATION
6||||3||||,553,11,LOCATION
6||||3||||,536,3,DATE
7||||1||||,1940,4,LOCATION
7||||1||||,144,2,AGE
7||||1||||,45,4,DATE
7||||1||||,86,4,DATE
7||||3||||,1100,4,LOCATION
7||||3||||,1229,9,LOCATION
8||||1||||,537,13,NAME
8||||1||||,2275,15,NAME
8||||1||||,301,11,NAME
8||||1||||,1007,21,HOSPITAL
8||||1||||,29,9,DATE
8||||1||||,137,4,DATE
8||||1||||,981,9,DATE
8||||1||||,1891,4,DATE
8||||1||||,1933,4,DATE
8||||1||||,2296,12,PHONE
8||||1||||,552,12,ID
8||||2||||,292,5,NAME
8||||3||||,779,7,NAME
8||||4||||,962,15,NAME
8||||4||||,130,31,HOSPITAL
8||||4||||,165,8,CITY
8||||4||||,987,12,PHONE
9||||1||||,27,6,LOCATION
9||||1||||,343,4,DATE
9||||1||||,349,4,DATE
9||||1||||,411,4,DATE
9||||3||||,51,2,AGE
10||||2||||,1356,8,NAME
11||||1||||,1812,8,NAME
11||||1||||,38,1,LOCATION
11||||1||||,26,11,LOCATION
11||||1||||,114,22,HOSPITAL
11||||1||||,298,2,HOSPITAL
11||||1||||,0,2,AGE
11||||3||||,37,17,HOSPITAL
11||||3||||,8,2,AGE
11||||5||||,519,8,NAME
13||||2||||,181,4,LOCATION
14||||1||||,13,2,AGE
14||||1||||,179,5,DATE
14||||2||||,1672,7,NAME
14||||9||||,211,1,LOCATION
14||||9||||,455,1,LOCATION
14||||9||||,492,1,LOCATION
14||||9||||,199,11,LOCATION
14||||9||||,443,11,LOCATION
14||||9||||,481,11,LOCATION
14||||9||||,633,8,LOCATION
14||||9||||,0,2,AGE
14||||9||||,30,5,DATE
14||||9||||,229,4,DATE
14||||9||||,295,5,DATE
14||||9||||,667,5,DATE
14||||9||||,709,5,DATE
14||||9||||,927,5,DATE
14||||9||||,1406,5,DATE
14||||9||||,1584,5,DATE
14||||15||||,1017,8,PROFESSION
14||||15||||,1030,11,PROFESSION
14||||15||||,825,8,LOCATION
14||||15||||,970,8,LOCATION
15||||1||||,1006,7,NAME
15||||1||||,383,4,LOCATION
15||||1||||,511,4,LOCATION
15||||1||||,27,2,HOSPITAL
15||||1||||,0,2,AGE
15||||1||||,33,4,DATE
15||||1||||,213,4,DATE
15||||2||||,1672,9,NAME
15||||2||||,1627,11,NAME
15||||5||||,476,6,NAME
15||||5||||,956,6,NAME
15||||5||||,1032,6,NAME
15||||5||||,66,4,LOCATION
15||||7||||,1086,5,NAME
15||||7||||,1110,7,NAME
15||||9||||,546,6,NAME
15||||9||||,1038,6,NAME
15||||9||||,1176,4,NAME
15||||9||||,1301,6,NAME
15||||9||||,1571,6,NAME
15||||10||||,227,19,NAME
15||||11||||,804,15,ORGANIZATION
15||||17||||,819,9,NAME
15||||20||||,529,6,NAME
15||||25||||,657,5,DATE
15||||27||||,670,8,DATE
15||||28||||,301,6,DATE
15||||30||||,477,6,DATE
15||||33||||,954,6,DATE
15||||34||||,292,6,DATE
15||||35||||,246,6,DATE
15||||36||||,718,6,DATE
15||||37||||,1187,6,DATE
15||||37||||,1242,6,DATE
15||||38||||,304,9,NAME
15||||41||||,271,9,NAME
15||||42||||,0,5,LOCATION
15||||46||||,39,4,LOCATION
15||||47||||,283,7,NAME
15||||49||||,645,13,NAME
15||||49||||,906,6,NAME
15||||49||||,1024,8,NAME
15||||54||||,63,7,NAME
15||||55||||,318,10,NAME
15||||55||||,411,10,NAME
15||||55||||,1110,4,DATE
15||||57||||,0,5,LOCATION
15||||62||||,945,5,NAME
15||||64||||,166,5,NAME
15||||66||||,366,7,NAME
15||||66||||,378,10,NAME
15||||66||||,872,10,NAME
15||||68||||,1970,16,HOSPITAL
15||||69||||,144,6,NAME
15||||70||||,4,6,NAME
15||||73||||,5,9,NAME
15||||73||||,333,9,NAME
15||||73||||,364,10,HOSPITAL
15||||75||||,811,4,DATE
15||||75||||,850,7,DATE
15||||81||||,0,5,LOCATION
15||||82||||,568,12,LOCATION
15||||82||||,984,9,HOSPITAL
15||||82||||,1050,6,DATE
15||||82||||,639,3,DATE
15||||82||||,469,4,DATE
15||||85||||,34,9,NAME
15||||85||||,0,5,LOCATION
15||||86||||,42,9,NAME
15||||86||||,10,5,LOCATION
15||||86||||,90,4,DATE
15||||87||||,930,5,HOSPITAL
15||||87||||,242,4,DATE
15||||89||||,0,5,LOCATION
15||||90||||,292,4,DATE
15||||90||||,417,5,PHONE
15||||93||||,0,5,LOCATION
15||||93||||,335,6,DATE
15||||101||||,244,4,LOCATION
15||||102||||,611,9,NAME
15||||102||||,24,21,NAME
15||||102||||,699,9,DATE
15||||103||||,261,9,DATE
15||||109||||,131,5,PHONE
15||||111||||,93,4,DATE
15||||113||||,39,10,NAME
15||||114||||,271,6,DATE
15||||115||||,176,19,NAME
15||||118||||,201,11,LOCATION
15||||122||||,1082,7,DATE
15||||126||||,245,4,DATE
15||||130||||,120,21,HOSPITAL
15||||131||||,54,21,HOSPITAL
15||||131||||,138,6,PHONE
15||||132||||,79,4,LOCATION
15||||135||||,0,5,LOCATION
15||||135||||,304,3,DATE
15||||136||||,319,3,DATE
15||||137||||,5,9,NAME
15||||137||||,76,9,NAME
15||||137||||,156,9,NAME
15||||137||||,189,21,HOSPITAL
15||||137||||,302,21,HOSPITAL
15||||139||||,0,5,LOCATION
15||||139||||,56,21,HOSPITAL
15||||140||||,230,9,NAME
15||||140||||,25,12,HOSPITAL
15||||141||||,64,9,NAME
16||||1||||,64,6,NAME
16||||1||||,682,6,NAME
16||||1||||,862,6,NAME
16||||1||||,38,1,LOCATION
16||||1||||,99,1,LOCATION
16||||1||||,16,4,LOCATION
16||||1||||,26,11,LOCATION
16||||1||||,87,11,LOCATION
16||||1||||,277,3,LOCATION
16||||1||||,274,2,HOSPITAL
16||||1||||,352,25,HOSPITAL
16||||1||||,148,4,DATE
16||||1||||,478,3,DATE
16||||1||||,502,4,DATE
16||||1||||,521,4,DATE
16||||1||||,566,3,DATE
16||||16||||,1442,9,NAME
16||||17||||,645,7,NAME
16||||17||||,621,4,HOSPITAL
16||||22||||,0,5,LOCATION
16||||24||||,872,9,NAME
16||||25||||,641,2,AGE
16||||25||||,74,4,DATE
16||||25||||,1286,5,DATE
16||||25||||,1299,6,PHONE
16||||29||||,64,3,LOCATION
16||||29||||,240,5,DATE
16||||30||||,82,4,DATE
16||||34||||,117,4,DATE
16||||34||||,760,4,DATE
16||||34||||,774,6,PHONE
16||||38||||,333,10,NAME
16||||40||||,315,10,NAME
16||||41||||,1152,7,DATE
16||||43||||,47,5,DATE
16||||43||||,726,5,PHONE
16||||47||||,747,9,NAME
16||||48||||,773,15,HOSPITAL
16||||48||||,793,9,HOSPITAL
16||||48||||,865,3,DATE
16||||51||||,470,15,HOSPITAL
16||||51||||,489,15,HOSPITAL
16||||55||||,729,2,HOSPITAL
16||||58||||,3,6,NAME
16||||58||||,742,9,NAME
16||||58||||,296,13,NAME
16||||58||||,918,7,NAME
16||||58||||,1016,14,NAME
16||||58||||,687,5,DATE
16||||59||||,569,10,CITY
16||||59||||,361,4,DATE
16||||60||||,1556,14,NAME
16||||60||||,1576,6,NAME
16||||60||||,1602,14,NAME
16||||70||||,0,5,LOCATION
16||||71||||,204,4,DATE
16||||71||||,261,6,PHONE
16||||72||||,52,7,NAME
16||||72||||,578,9,NAME
16||||72||||,910,4,NAME
16||||72||||,41,9,PROFESSION
16||||72||||,656,10,CITY
16||||73||||,33,4,NAME
16||||73||||,54,4,NAME
16||||74||||,79,6,NAME
16||||74||||,90,6,NAME
16||||74||||,0,5,LOCATION
16||||74||||,37,3,DATE
16||||76||||,135,5,PHONE
17||||1||||,16,19,HOSPITAL
17||||1||||,41,2,AGE
17||||1||||,68,3,DATE
17||||1||||,139,4,DATE
17||||2||||,1176,13,NAME
17||||2||||,1259,8,NAME
17||||2||||,1269,13,NAME
17||||2||||,1396,7,NAME
17||||2||||,1408,4,NAME
17||||2||||,30,19,HOSPITAL
17||||2||||,1196,12,PHONE
17||||2||||,1215,12,PHONE
17||||2||||,1234,12,PHONE
17||||2||||,1295,12,PHONE
17||||2||||,1337,12,PHONE
17||||2||||,1355,12,PHONE
17||||2||||,1375,13,PHONE
17||||4||||,1958,4,NAME
17||||9||||,252,5,NAME
17||||16||||,1025,6,DATE
17||||26||||,159,12,LOCATION
17||||26||||,17,5,DATE
17||||47||||,146,15,NAME
17||||49||||,1618,7,NAME
17||||51||||,736,4,LOCATION
17||||55||||,1048,6,DATE
17||||56||||,291,9,ORGANIZATION
17||||56||||,763,6,DATE
17||||60||||,455,9,ORGANIZATION
17||||66||||,1112,7,NAME
17||||66||||,398,4,DATE
17||||72||||,292,4,DATE
17||||73||||,4,14,NAME
17||||73||||,3010,7,NAME
17||||73||||,3022,3,NAME
17||||73||||,2299,2,LOCATION
17||||73||||,57,20,HOSPITAL
17||||73||||,82,15,HOSPITAL
17||||73||||,402,2,HOSPITAL
17||||73||||,25,2,AGE
17||||73||||,98,3,DATE
17||||73||||,253,4,DATE
17||||73||||,405,4,DATE
17||||73||||,433,3,DATE
17||||73||||,1043,3,DATE
17||||73||||,1203,4,DATE
17||||73||||,1338,3,DATE
17||||73||||,1737,4,DATE
17||||73||||,1756,4,DATE
17||||73||||,1775,3,DATE
17||||73||||,1781,4,DATE
17||||73||||,1828,3,DATE
17||||73||||,1850,4,DATE
17||||73||||,1915,4,DATE
17||||73||||,2166,4,DATE
17||||73||||,2302,4,DATE
17||||74||||,143,12,NAME
17||||75||||,717,5,NAME
17||||75||||,1231,10,HOSPITAL
17||||76||||,233,4,DATE
17||||76||||,1097,7,DATE
17||||77||||,1193,8,HOSPITAL
17||||77||||,870,9,ORGANIZATION
17||||77||||,1205,7,DATE
17||||78||||,3,8,NAME
17||||83||||,334,4,DATE
17||||83||||,661,4,DATE
17||||86||||,788,5,PROFESSION
17||||86||||,738,7,DATE
17||||86||||,747,9,DATE
17||||86||||,761,8,DATE
17||||88||||,9,7,NAME
18||||1||||,56,1,LOCATION
18||||1||||,246,1,LOCATION
18||||1||||,44,11,LOCATION
18||||2||||,35,1,LOCATION
18||||2||||,23,11,LOCATION
18||||3||||,384,1,LOCATION
18||||3||||,372,11,LOCATION
18||||3||||,53,2,HOSPITAL
18||||3||||,0,2,AGE
18||||3||||,56,4,DATE
18||||3||||,82,4,DATE
18||||7||||,1024,4,DATE
18||||10||||,688,4,DATE
18||||10||||,863,4,DATE
18||||10||||,1024,4,DATE
18||||13||||,448,10,DATE
18||||17||||,550,4,DATE
18||||18||||,764,4,DATE
18||||22||||,0,4,LOCATION
18||||27||||,457,5,NAME
18||||27||||,375,4,DATE
18||||27||||,295,4,DATE
18||||32||||,0,4,LOCATION
18||||33||||,85,7,DATE
18||||37||||,259,6,DATE
18||||37||||,266,4,DATE
18||||40||||,484,3,NAME
18||||40||||,549,5,NAME
19||||1||||,2571,5,NAME
19||||1||||,68,25,HOSPITAL
19||||1||||,605,2,HOSPITAL
19||||1||||,98,9,ORGANIZATION
19||||1||||,43,2,AGE
19||||1||||,167,4,DATE
19||||5||||,1444,5,NAME
19||||16||||,410,9,LOCATION
19||||16||||,870,8,LOCATION
20||||1||||,383,4,LOCATION
20||||1||||,1342,4,LOCATION
20||||1||||,1293,15,HOSPITAL
20||||1||||,0,2,AGE
20||||5||||,368,7,NAME
20||||5||||,633,7,NAME
20||||5||||,1783,6,NAME
20||||5||||,1982,6,NAME
20||||5||||,2300,6,NAME
20||||5||||,2377,7,NAME
20||||5||||,2389,6,NAME
20||||5||||,2709,7,NAME
20||||5||||,2721,6,NAME
20||||5||||,15,4,LOCATION
20||||5||||,123,15,HOSPITAL
20||||5||||,156,4,DATE
20||||6||||,1115,7,NAME
20||||7||||,52,16,NAME
20||||7||||,92,6,NAME
20||||8||||,49,6,NAME
20||||8||||,241,6,NAME
20||||10||||,73,6,NAME
20||||11||||,558,7,NAME
20||||17||||,773,7,NAME
20||||19||||,997,7,NAME
20||||19||||,1528,5,NAME
20||||19||||,1629,4,NAME
20||||19||||,1676,7,NAME
20||||19||||,1691,5,NAME
20||||19||||,1718,4,NAME
20||||19||||,1726,5,NAME
20||||19||||,1831,4,NAME
20||||19||||,1917,5,NAME
20||||19||||,1935,4,NAME
20||||19||||,2210,5,NAME
20||||19||||,2276,5,NAME
20||||19||||,802,2,LOCATION
20||||19||||,65,4,DATE
20||||20||||,242,4,NAME
20||||20||||,306,6,NAME
20||||20||||,469,6,NAME
20||||20||||,78,4,DATE
20||||20||||,109,4,DATE
20||||23||||,94,6,NAME
20||||24||||,157,4,DATE
20||||25||||,1095,2,LOCATION
20||||27||||,143,7,NAME
20||||27||||,449,7,NAME
20||||27||||,1188,7,NAME
20||||27||||,1817,7,NAME
20||||27||||,15,4,LOCATION
20||||27||||,1600,2,LOCATION
20||||29||||,217,2,LOCATION
20||||49||||,479,9,ORGANIZATION
20||||49||||,794,8,DATE
20||||53||||,1299,7,NAME
20||||54||||,1441,6,NAME
20||||56||||,113,21,NAME
20||||58||||,1014,6,NAME
20||||58||||,1335,10,NAME
20||||59||||,76,6,NAME
20||||59||||,148,6,NAME
20||||60||||,92,6,NAME
20||||61||||,394,6,PROFESSION
20||||62||||,0,4,LOCATION
21||||1||||,777,4,LOCATION
21||||1||||,1183,4,LOCATION
21||||1||||,57,16,HOSPITAL
21||||1||||,462,2,HOSPITAL
21||||1||||,748,12,HOSPITAL
21||||1||||,8,2,AGE
21||||1||||,101,4,DATE
21||||1||||,239,3,DATE
21||||1||||,282,4,DATE
21||||3||||,373,6,DATE
21||||10||||,124,8,LOCATION
21||||12||||,0,5,LOCATION
21||||12||||,209,13,LOCATION
21||||14||||,60,5,DATE
21||||14||||,468,4,DATE
21||||14||||,482,6,PHONE
21||||15||||,80,4,LOCATION
21||||16||||,0,6,LOCATION
21||||16||||,194,4,LOCATION
21||||16||||,473,4,LOCATION
21||||16||||,499,4,LOCATION
21||||16||||,39,2,AGE
21||||16||||,268,4,DATE
21||||33||||,311,8,LOCATION
21||||35||||,120,19,NAME
21||||35||||,148,16,NAME
21||||35||||,231,9,NAME
21||||35||||,267,5,PROFESSION
21||||37||||,91,5,PROFESSION
21||||38||||,139,11,NAME
21||||38||||,0,5,LOCATION
22||||2||||,136,8,LOCATION
22||||2||||,133,2,HOSPITAL
22||||2||||,0,2,AGE
22||||28||||,93,3,DATE
22||||35||||,162,13,LOCATION
22||||35||||,0,2,AGE
22||||35||||,62,7,DATE
22||||36||||,305,18,NAME
22||||36||||,47,1,LOCATION
22||||36||||,35,11,LOCATION
22||||37||||,389,1,LOCATION
22||||37||||,377,11,LOCATION
22||||37||||,0,2,AGE
22||||37||||,28,7,DATE
22||||37||||,217,4,DATE
22||||37||||,239,4,DATE
22||||37||||,261,4,DATE
22||||37||||,394,3,DATE
22||||37||||,448,3,DATE
22||||37||||,708,3,DATE
22||||38||||,999,8,NAME
22||||38||||,1080,7,LOCATION
22||||40||||,237,18,NAME
22||||49||||,346,1,LOCATION
22||||49||||,199,11,LOCATION
22||||49||||,334,11,LOCATION
22||||49||||,0,2,AGE
22||||49||||,35,7,DATE
22||||49||||,211,4,DATE
22||||49||||,236,3,DATE
24||||1||||,970,4,LOCATION
24||||1||||,1202,4,LOCATION
24||||1||||,1463,4,LOCATION
24||||1||||,1744,4,LOCATION
24||||1||||,170,2,AGE
24||||1||||,70,4,DATE
24||||1||||,650,4,DATE
24||||1||||,669,4,DATE
24||||1||||,809,4,DATE
24||||5||||,1687,4,DATE
24||||5||||,987,4,DATE
24||||6||||,38,4,LOCATION
24||||9||||,1564,4,DATE
24||||12||||,2060,4,LOCATION
24||||12||||,1660,6,DATE
24||||16||||,50,6,NAME
24||||16||||,66,6,NAME
24||||20||||,3,6,NAME
24||||27||||,241,2,LOCATION
24||||35||||,2758,7,NAME
24||||36||||,1979,8,NAME
25||||1||||,1950,8,LOCATION
25||||1||||,207,14,HOSPITAL
25||||1||||,1003,2,HOSPITAL
25||||1||||,0,2,AGE
25||||1||||,61,3,DATE
25||||1||||,222,7,DATE
25||||1||||,399,7,DATE
25||||1||||,112,4,DATE
25||||2||||,32,8,LOCATION
25||||7||||,364,4,DATE
25||||7||||,441,4,DATE
25||||7||||,469,4,DATE
25||||7||||,864,8,DATE
25||||12||||,4,10,NAME
25||||17||||,212,10,NAME
25||||19||||,1029,4,DATE
25||||20||||,1247,3,DATE
25||||20||||,1251,5,DATE
25||||20||||,1258,3,DATE
25||||23||||,26,8,NAME
25||||23||||,327,2,HOSPITAL
25||||23||||,43,2,AGE
25||||23||||,93,4,DATE
25||||23||||,759,4,DATE
25||||23||||,963,4,DATE
25||||23||||,1178,4,DATE
25||||23||||,1484,4,DATE
25||||23||||,1926,4,DATE
25||||23||||,2095,4,DATE
25||||23||||,2369,4,DATE
26||||1||||,248,8,LOCATION
26||||1||||,88,17,HOSPITAL
26||||1||||,229,2,HOSPITAL
26||||1||||,10,2,AGE
26||||4||||,22,2,HOSPITAL
26||||4||||,294,10,HOSPITAL
26||||4||||,403,2,HOSPITAL
26||||4||||,22,2,HOSPITAL
26||||4||||,0,2,AGE
26||||4||||,160,3,DATE
26||||4||||,187,3,DATE
26||||4||||,751,4,DATE
26||||4||||,852,3,DATE
27||||1||||,570,1,LOCATION
27||||1||||,558,11,LOCATION
27||||1||||,669,4,LOCATION
27||||1||||,691,8,LOCATION
27||||1||||,309,14,HOSPITAL
27||||1||||,360,15,HOSPITAL
27||||1||||,467,2,HOSPITAL
27||||1||||,278,4,DATE
27||||1||||,481,4,DATE
27||||1||||,1510,6,DATE
27||||2||||,2045,9,DATE
27||||3||||,794,9,NAME
27||||3||||,770,5,NAME
27||||4||||,477,8,LOCATION
27||||4||||,0,2,AGE
27||||4||||,309,4,DATE
27||||6||||,88,8,LOCATION
27||||7||||,26,8,LOCATION
27||||7||||,922,6,DATE
28||||1||||,36,31,HOSPITAL
28||||2||||,1070,3,NAME
28||||2||||,1163,4,LOCATION
28||||2||||,27,2,HOSPITAL
28||||2||||,48,31,HOSPITAL
28||||2||||,102,18,HOSPITAL
28||||2||||,124,4,DATE
28||||2||||,367,4,DATE
28||||2||||,375,4,DATE
28||||2||||,426,4,DATE
28||||2||||,756,4,DATE
28||||2||||,1074,12,PHONE
28||||2||||,1103,12,PHONE
28||||3||||,153,17,NAME
28||||4||||,28,31,HOSPITAL
28||||8||||,850,7,DATE
28||||13||||,1217,5,NAME
28||||13||||,595,9,DATE
28||||24||||,2132,2,STATE
28||||28||||,0,5,LOCATION
28||||31||||,4,5,LOCATION
28||||33||||,0,5,LOCATION
28||||35||||,0,4,LOCATION
28||||37||||,1422,3,NAME
28||||39||||,1241,3,NAME
28||||39||||,0,5,LOCATION
28||||45||||,1369,4,STATE
28||||48||||,1254,16,NAME
28||||51||||,1186,3,NAME
28||||51||||,0,5,LOCATION
28||||52||||,461,4,DATE
28||||52||||,549,4,DATE
28||||54||||,0,4,LOCATION
28||||57||||,0,4,LOCATION
28||||59||||,100,7,NAME
28||||59||||,70,9,NAME
28||||60||||,510,9,NAME
29||||2||||,198,6,DATE
29||||3||||,196,5,NAME
29||||4||||,136,4,NAME
29||||4||||,402,5,NAME
29||||4||||,1068,6,DATE
29||||8||||,0,4,LOCATION
29||||8||||,874,12,LOCATION
29||||8||||,1515,4,DATE
29||||12||||,0,4,LOCATION
29||||12||||,1053,4,DATE
29||||12||||,1631,4,DATE
29||||12||||,1581,4,DATE
29||||12||||,2074,4,DATE
29||||16||||,541,6,DATE
29||||17||||,1108,4,DATE
29||||17||||,1064,4,DATE
29||||19||||,1847,9,PROFESSION
29||||19||||,43,2,AGE
29||||19||||,58,4,DATE
29||||19||||,119,4,DATE
29||||19||||,319,4,DATE
29||||19||||,360,4,DATE
29||||19||||,493,4,DATE
29||||19||||,687,5,DATE
29||||19||||,693,5,DATE
29||||19||||,1138,4,DATE
30||||3||||,142,4,LOCATION
30||||5||||,339,4,LOCATION
30||||6||||,1422,4,LOCATION
30||||6||||,77,2,AGE
30||||6||||,26,3,DATE
30||||6||||,68,4,DATE
30||||6||||,98,3,DATE
31||||1||||,517,4,LOCATION
31||||1||||,781,4,LOCATION
31||||1||||,124,2,HOSPITAL
31||||1||||,10,2,AGE
31||||1||||,731,4,DATE
31||||4||||,20,6,NAME
31||||4||||,28,6,NAME
31||||4||||,39,5,NAME
31||||4||||,62,6,NAME
31||||4||||,0,4,LOCATION
31||||8||||,93,8,NAME
32||||1||||,0,14,NAME
32||||1||||,999,8,NAME
32||||1||||,1034,2,PROFESSION
32||||1||||,1047,16,HOSPITAL
32||||1||||,1097,4,CITY
32||||1||||,20,2,AGE
32||||1||||,41,3,DATE
32||||2||||,1622,4,NAME
32||||2||||,1743,4,NAME
32||||2||||,1671,11,PROFESSION
32||||2||||,1119,8,LOCATION
32||||2||||,1866,8,LOCATION
32||||2||||,1686,25,HOSPITAL
32||||2||||,1779,4,CITY
32||||3||||,76,8,LOCATION
32||||3||||,828,8,LOCATION
32||||3||||,1254,8,LOCATION
32||||3||||,1711,4,CITY
32||||3||||,1766,4,CITY
32||||4||||,23,8,LOCATION
32||||6||||,1965,4,NAME
32||||6||||,113,8,LOCATION
32||||6||||,1776,8,LOCATION
32||||6||||,1838,8,LOCATION
32||||6||||,2014,4,CITY
32||||7||||,1054,4,CITY
32||||13||||,2137,5,PROFESSION
32||||13||||,2169,4,PROFESSION
32||||13||||,959,8,LOCATION
32||||13||||,2183,16,HOSPITAL
32||||13||||,2220,7,COUNTRY
32||||13||||,0,2,AGE
32||||13||||,28,3,DATE
32||||13||||,82,3,DATE
32||||13||||,379,3,DATE
32||||13||||,943,3,DATE
32||||13||||,1120,3,DATE
32||||13||||,1179,4,DATE
32||||13||||,1302,4,DATE
32||||13||||,1970,4,DATE
32||||16||||,931,5,NAME
32||||16||||,918,5,PROFESSION
32||||16||||,925,5,PROFESSION
33||||1||||,44,4,LOCATION
33||||1||||,244,17,HOSPITAL
33||||1||||,374,2,HOSPITAL
33||||1||||,169,2,AGE
33||||1||||,262,4,DATE
33||||3||||,363,6,NAME
33||||3||||,1394,4,DATE
33||||5||||,27,17,HOSPITAL
33||||5||||,0,2,AGE
33||||5||||,787,6,DATE
33||||5||||,794,4,DATE
33||||8||||,1393,4,HOSPITAL
33||||8||||,1367,6,DATE
33||||14||||,159,13,NAME
33||||14||||,77,9,NAME
34||||1||||,1477,12,NAME
34||||1||||,1464,7,PROFESSION
34||||1||||,166,1,LOCATION
34||||1||||,154,11,LOCATION
34||||1||||,245,8,LOCATION
34||||1||||,1426,13,STATE
34||||1||||,1444,5,STATE
34||||1||||,15,2,AGE
34||||1||||,143,7,DATE
34||||1||||,1492,14,PHONE
34||||4||||,0,2,AGE
34||||4||||,30,4,DATE
34||||4||||,161,4,DATE
34||||4||||,258,6,DATE
34||||4||||,265,4,DATE
34||||4||||,615,6,DATE
34||||4||||,622,4,DATE
35||||1||||,230,2,HOSPITAL
35||||1||||,3,2,AGE
35||||1||||,44,4,DATE
35||||1||||,268,4,DATE
35||||1||||,300,4,DATE
35||||2||||,22,2,AGE
35||||4||||,575,8,STATE
36||||2||||,699,4,NAME
36||||2||||,766,14,NAME
36||||2||||,902,6,PROFESSION
37||||1||||,65,2,HOSPITAL
37||||1||||,73,15,HOSPITAL
37||||1||||,152,6,HOSPITAL
37||||1||||,30,2,AGE
37||||1||||,162,3,DATE
37||||1||||,589,4,DATE
37||||2||||,0,4,LOCATION
38||||1||||,431,10,NAME
38||||1||||,960,9,NAME
38||||1||||,992,10,NAME
38||||2||||,146,6,NAME
38||||2||||,0,4,LOCATION
38||||5||||,1076,6,NAME
38||||9||||,49,8,NAME
38||||9||||,162,8,NAME
38||||11||||,1248,4,LOCATION
38||||12||||,256,8,NAME
38||||13||||,118,6,NAME
39||||1||||,1115,8,PROFESSION
39||||1||||,56,1,LOCATION
39||||1||||,550,1,LOCATION
39||||1||||,44,11,LOCATION
39||||1||||,549,1,LOCATION
39||||1||||,670,4,LOCATION
39||||1||||,712,4,LOCATION
39||||1||||,6,2,AGE
39||||1||||,359,5,DATE
39||||1||||,366,5,DATE
39||||3||||,397,5,DATE
39||||4||||,2168,6,NAME
39||||4||||,2147,13,PROFESSION
39||||8||||,2066,7,NAME
39||||8||||,2093,8,NAME
39||||8||||,2153,4,NAME
39||||12||||,103,4,DATE
39||||12||||,265,4,DATE
39||||12||||,1623,4,DATE
39||||12||||,1194,4,DATE
39||||27||||,1026,5,DATE
39||||34||||,467,7,NAME
39||||34||||,524,9,CITY
39||||34||||,488,10,STATE
39||||35||||,919,5,STATE
39||||35||||,1043,5,DATE
39||||35||||,853,5,DATE
39||||43||||,209,1,LOCATION
39||||43||||,208,1,LOCATION
39||||43||||,2,2,AGE
39||||43||||,91,5,DATE
39||||43||||,35,5,DATE
39||||43||||,214,5,DATE
39||||45||||,918,1,LOCATION
39||||45||||,0,6,LOCATION
39||||45||||,906,11,LOCATION
39||||45||||,503,2,HOSPITAL
39||||45||||,39,2,AGE
39||||45||||,611,5,DATE
39||||45||||,819,5,DATE
39||||45||||,1524,5,DATE
39||||45||||,2675,5,DATE
39||||45||||,2684,4,DATE
39||||47||||,0,9,DATE
39||||49||||,0,8,DATE
40||||1||||,223,19,PROFESSION
40||||1||||,0,2,AGE
40||||1||||,260,3,DATE
40||||1||||,106,3,DATE
40||||1||||,419,5,DATE
40||||1||||,489,5,DATE
40||||2||||,1036,5,DATE
40||||2||||,301,5,DATE
40||||13||||,739,12,CITY
40||||13||||,39,2,AGE
40||||13||||,67,5,DATE
40||||13||||,27,5,DATE
40||||13||||,366,6,DATE
41||||2||||,2227,15,NAME
41||||2||||,2267,17,NAME
41||||2||||,186,18,HOSPITAL
41||||2||||,828,2,HOSPITAL
41||||2||||,3,2,AGE
41||||2||||,119,5,DATE
41||||2||||,501,3,DATE
41||||2||||,872,3,DATE
41||||2||||,2244,12,PHONE
41||||2||||,2287,13,PHONE
41||||9||||,1501,3,DATE
41||||10||||,455,3,DATE
41||||10||||,1136,3,DATE
41||||10||||,1231,3,DATE
41||||12||||,0,2,AGE
41||||12||||,49,3,DATE
41||||12||||,120,4,DATE
42||||1||||,456,9,NAME
42||||1||||,526,4,LOCATION
42||||2||||,0,4,LOCATION
42||||2||||,42,2,AGE
43||||1||||,41,1,LOCATION
43||||1||||,30,11,LOCATION
43||||1||||,6,2,AGE
43||||1||||,50,5,DATE
43||||1||||,154,4,DATE
43||||1||||,73,4,DATE
44||||1||||,98,17,HOSPITAL
44||||1||||,40,12,CITY
44||||1||||,9,2,AGE
44||||2||||,391,2,HOSPITAL
44||||2||||,232,17,HOSPITAL
44||||2||||,367,2,HOSPITAL
44||||2||||,33,2,AGE
44||||4||||,1178,12,NAME
44||||4||||,1131,6,NAME
44||||4||||,1662,7,NAME
44||||4||||,1384,12,NAME
44||||4||||,1543,12,NAME
44||||4||||,998,4,LOCATION
44||||4||||,1159,2,ORGANIZATION
44||||4||||,1683,7,CITY
44||||4||||,1192,12,PHONE
44||||4||||,1693,12,PHONE
44||||11||||,58,12,NAME
44||||11||||,240,4,NAME
44||||11||||,316,4,NAME
44||||11||||,459,4,NAME
44||||11||||,574,4,NAME
44||||11||||,1244,12,NAME
44||||11||||,251,11,NAME
44||||11||||,267,9,NAME
44||||11||||,653,4,NAME
44||||11||||,723,4,NAME
44||||11||||,1280,5,NAME
44||||11||||,0,4,LOCATION
44||||11||||,20,4,LOCATION
45||||2||||,4,4,LOCATION
45||||2||||,66,2,HOSPITAL
45||||2||||,41,2,AGE
45||||2||||,69,5,DATE
45||||2||||,215,5,DATE
45||||2||||,485,3,DATE
45||||2||||,471,4,DATE
45||||3||||,0,2,AGE
45||||5||||,70,12,NAME
45||||5||||,290,5,NAME
45||||5||||,525,14,HOSPITAL
45||||5||||,413,3,ORGANIZATION
45||||5||||,214,9,CITY
45||||5||||,197,12,LOCATION
45||||5||||,139,2,AGE
45||||5||||,286,2,AGE
45||||5||||,1322,5,PHONE
45||||7||||,978,5,NAME
45||||9||||,4,4,LOCATION
45||||10||||,73,5,NAME
45||||10||||,487,5,PHONE
45||||14||||,4,4,LOCATION
45||||14||||,1308,5,DATE
45||||22||||,1777,9,NAME
45||||22||||,0,2,AGE
45||||22||||,22,5,DATE
45||||22||||,110,5,DATE
45||||22||||,287,5,DATE
45||||22||||,473,5,DATE
45||||22||||,579,5,DATE
45||||22||||,955,5,DATE
46||||1||||,5,2,AGE
47||||1||||,257,2,HOSPITAL
47||||1||||,28,2,STATE
47||||1||||,15,12,LOCATION
47||||1||||,0,2,AGE
47||||2||||,421,6,NAME
47||||2||||,460,4,NAME
47||||2||||,0,2,AGE
47||||2||||,697,5,DATE
47||||2||||,430,12,PHONE
47||||2||||,467,12,PHONE
47||||8||||,427,5,NAME
48||||1||||,6,17,NAME
48||||1||||,524,4,NAME
48||||1||||,935,4,NAME
48||||1||||,29,2,AGE
48||||1||||,266,3,DATE
48||||2||||,5,8,NAME
48||||3||||,960,12,PHONE
49||||4||||,940,1,LOCATION
49||||4||||,928,11,LOCATION
49||||4||||,213,2,AGE
49||||4||||,280,4,DATE
49||||4||||,326,4,DATE
49||||4||||,365,7,DATE
49||||6||||,1213,4,NAME
49||||6||||,152,5,NAME
49||||8||||,798,9,NAME
49||||17||||,14,8,LOCATION
49||||17||||,1271,8,LOCATION
49||||17||||,1241,2,AGE
49||||20||||,744,2,AGE
49||||25||||,255,3,DATE
49||||26||||,1136,4,DATE
49||||30||||,865,5,NAME
49||||34||||,295,6,DATE
49||||34||||,1246,6,DATE
49||||35||||,234,8,NAME
49||||35||||,541,8,NAME
49||||35||||,1511,8,NAME
49||||35||||,1580,8,NAME
49||||35||||,1263,8,NAME
49||||35||||,1280,9,NAME
49||||35||||,2083,8,NAME
50||||1||||,40,8,LOCATION
50||||1||||,3,2,AGE
50||||1||||,99,4,DATE
50||||1||||,211,4,DATE
50||||1||||,345,3,DATE
50||||1||||,317,4,DATE
50||||1||||,322,3,DATE
50||||1||||,354,3,DATE
50||||4||||,7,5,NAME
51||||1||||,46,5,LOCATION
51||||1||||,277,5,LOCATION
51||||2||||,1230,9,NAME
51||||9||||,713,3,DATE
51||||9||||,731,3,DATE
51||||10||||,675,5,NAME
51||||15||||,5,2,AGE
51||||16||||,603,6,NAME
51||||24||||,610,15,NAME
51||||32||||,725,3,DATE
51||||33||||,645,5,NAME
51||||35||||,679,5,NAME
51||||40||||,444,6,NAME
51||||40||||,545,3,DATE
51||||40||||,552,4,DATE
52||||1||||,273,8,DATE
53||||3||||,35,2,AGE
53||||3||||,22,5,DATE
53||||12||||,1087,12,NAME
53||||19||||,1705,4,DATE
53||||34||||,1342,12,NAME
53||||38||||,780,3,DATE
54||||1||||,80,2,AGE
54||||2||||,2662,13,NAME
54||||2||||,1477,7,NAME
54||||2||||,2819,11,NAME
54||||2||||,0,4,LOCATION
54||||5||||,1167,15,NAME
54||||5||||,1192,4,NAME
54||||7||||,2007,11,NAME
54||||7||||,1795,12,DATE
55||||1||||,187,17,HOSPITAL
55||||1||||,93,17,LOCATION
55||||1||||,28,2,AGE
55||||1||||,0,7,DATE
55||||1||||,527,2,DATE
55||||1||||,541,2,DATE
55||||1||||,552,2,DATE
55||||2||||,0,2,AGE
56||||2||||,392,8,NAME
57||||1||||,406,5,NAME
57||||1||||,14,4,LOCATION
57||||2||||,93,8,NAME
57||||2||||,624,8,NAME
57||||7||||,895,8,NAME
57||||7||||,257,7,NAME
57||||7||||,269,8,NAME
57||||7||||,1269,7,NAME
57||||7||||,1281,8,NAME
58||||1||||,0,8,DATE
58||||10||||,253,9,NAME
58||||10||||,73,7,NAME
58||||15||||,540,1,LOCATION
58||||15||||,528,11,LOCATION
58||||17||||,197,5,NAME
59||||1||||,125,6,NAME
59||||1||||,222,6,NAME
59||||1||||,366,6,NAME
59||||4||||,373,6,NAME
59||||4||||,1153,6,NAME
59||||4||||,1287,6,NAME
59||||4||||,60,5,DATE
59||||5||||,546,6,NAME
59||||5||||,379,6,NAME
60||||2||||,24,8,LOCATION
60||||2||||,349,8,LOCATION
60||||2||||,0,2,AGE
60||||3||||,1577,13,NAME
60||||3||||,35,8,LOCATION
60||||3||||,352,12,HOSPITAL
60||||3||||,390,2,HOSPITAL
60||||3||||,0,2,AGE
60||||3||||,1697,4,DATE
60||||3||||,1627,12,PHONE
60||||3||||,1647,12,PHONE
60||||11||||,5,2,AGE
60||||22||||,1323,6,NAME
60||||23||||,1236,5,DATE
60||||24||||,32,6,NAME
60||||24||||,299,8,NAME
61||||1||||,806,10,NAME
61||||1||||,967,8,NAME
61||||1||||,890,8,NAME
61||||1||||,1336,10,NAME
61||||1||||,29,4,LOCATION
61||||5||||,0,7,DATE
62||||1||||,958,7,NAME
62||||1||||,522,8,NAME
62||||1||||,206,8,NAME
62||||1||||,74,4,LOCATION
62||||1||||,422,4,LOCATION
62||||5||||,0,5,DATE
62||||6||||,630,15,HOSPITAL
62||||8||||,182,7,NAME
63||||3||||,1189,13,NAME
63||||7||||,299,11,NAME
64||||1||||,75,2,HOSPITAL
64||||1||||,5,2,AGE
64||||2||||,1867,2,AGE
64||||2||||,1882,2,AGE
64||||6||||,2347,13,LOCATION
64||||6||||,1995,7,STATE
64||||6||||,2066,2,AGE
64||||6||||,2073,2,AGE
64||||6||||,1361,4,DATE
64||||7||||,1386,4,DATE
64||||7||||,1249,4,DATE
64||||7||||,442,4,DATE
64||||9||||,370,8,NAME
64||||9||||,688,7,NAME
64||||12||||,210,10,NAME
65||||2||||,761,15,NAME
65||||2||||,59,2,HOSPITAL
65||||2||||,790,2,CITY
65||||2||||,36,2,AGE
65||||5||||,60,5,NAME
65||||5||||,220,4,NAME
65||||5||||,381,12,NAME
65||||5||||,338,17,NAME
66||||1||||,53,4,DATE
66||||2||||,280,16,HOSPITAL
66||||2||||,45,2,AGE
66||||2||||,265,4,DATE
66||||2||||,256,5,DATE
66||||3||||,747,4,NAME
66||||3||||,518,14,NAME
66||||3||||,1214,5,NAME
66||||5||||,2067,11,NAME
66||||5||||,1551,15,NAME
66||||5||||,2146,4,LOCATION
66||||8||||,150,8,STATE
66||||12||||,832,6,NAME
67||||1||||,67,2,AGE
67||||2||||,102,9,NAME
68||||1||||,31,2,AGE
68||||2||||,1684,7,NAME
68||||3||||,435,7,NAME
68||||3||||,13,4,LOCATION
68||||5||||,339,4,NAME
69||||4||||,26,6,LOCATION
70||||1||||,138,5,NAME
70||||1||||,1347,11,NAME
70||||1||||,1415,12,ORGANIZATION
70||||1||||,1290,22,COUNTRY
70||||1||||,1246,2,AGE
70||||1||||,1253,1,AGE
70||||1||||,876,4,DATE
70||||3||||,1728,11,PHONE
70||||4||||,40,5,NAME
70||||5||||,33,7,DATE
70||||5||||,427,6,DATE
70||||5||||,25,7,ID
70||||6||||,11,7,DATE
70||||6||||,19,8,ID
71||||1||||,62,14,HOSPITAL
71||||1||||,34,2,AGE
71||||2||||,43,5,NAME
71||||2||||,81,5,LOCATION
71||||2||||,0,5,LOCATION
72||||1||||,0,4,LOCATION
72||||1||||,64,16,HOSPITAL
72||||1||||,97,2,HOSPITAL
72||||1||||,232,2,HOSPITAL
72||||1||||,30,2,AGE
72||||1||||,292,5,DATE
72||||1||||,424,4,DATE
72||||2||||,1276,7,NAME
72||||2||||,1288,4,DATE
73||||1||||,1758,4,NAME
73||||1||||,17,11,NAME
73||||1||||,40,4,LOCATION
73||||1||||,1961,8,CITY
73||||1||||,1765,11,PHONE
73||||2||||,1678,11,NAME
73||||4||||,655,6,NAME
73||||7||||,1558,5,NAME
73||||9||||,1592,8,NAME
73||||9||||,1068,5,NAME
73||||10||||,41,5,NAME
73||||14||||,1165,4,NAME
73||||16||||,527,10,NAME
73||||19||||,1206,4,NAME
73||||21||||,1660,4,NAME
73||||21||||,1724,5,NAME
73||||21||||,241,6,NAME
73||||21||||,1733,12,CITY
73||||22||||,1442,4,NAME
73||||24||||,1549,4,NAME
73||||27||||,1276,11,NAME
73||||35||||,198,14,NAME
73||||36||||,1181,5,NAME
73||||36||||,1888,13,PHONE
73||||38||||,1291,4,NAME
73||||38||||,1215,11,NAME
73||||39||||,1821,4,NAME
73||||42||||,1584,4,NAME
73||||42||||,1615,12,NAME
73||||43||||,1111,8,NAME
73||||43||||,1093,6,DATE
73||||45||||,1593,10,NAME
73||||45||||,1607,6,CITY
73||||45||||,1478,6,DATE
73||||48||||,25,5,NAME
73||||48||||,1756,4,NAME
73||||49||||,2035,3,DATE
73||||50||||,234,4,DATE
73||||51||||,67,5,NAME
73||||51||||,1674,6,NAME
73||||51||||,1637,4,NAME
73||||53||||,1035,5,NAME
73||||53||||,401,3,DATE
73||||54||||,2076,4,NAME
73||||54||||,2145,13,NAME
73||||54||||,1266,6,DATE
73||||55||||,1133,4,NAME
73||||68||||,704,14,NAME
74||||2||||,3,2,AGE
74||||2||||,29,3,DATE
74||||3||||,1073,4,DATE
75||||1||||,490,6,NAME
75||||1||||,290,6,NAME
75||||1||||,301,9,NAME
75||||1||||,3,4,LOCATION
75||||2||||,182,6,NAME
75||||5||||,369,9,NAME
75||||5||||,732,1,LOCATION
75||||5||||,5,4,LOCATION
75||||5||||,720,11,LOCATION
75||||5||||,0,4,DATE
75||||8||||,1126,13,NAME
75||||10||||,728,4,DATE
75||||10||||,824,4,DATE
75||||11||||,11,4,LOCATION
75||||11||||,0,4,DATE
75||||12||||,60,4,DATE
75||||12||||,22,4,DATE
75||||19||||,59,4,LOCATION
76||||1||||,445,5,NAME
76||||2||||,74,5,NAME
76||||4||||,169,7,NAME
76||||4||||,215,5,NAME
76||||5||||,1130,4,NAME
76||||8||||,627,7,NAME
76||||8||||,705,1,LOCATION
76||||8||||,693,11,LOCATION
77||||1||||,0,2,AGE
77||||7||||,102,5,DATE
78||||5||||,416,1,LOCATION
78||||5||||,404,11,LOCATION
79||||2||||,541,17,NAME
79||||3||||,1059,4,DATE
79||||3||||,1069,4,DATE
79||||3||||,432,4,DATE
79||||4||||,0,4,LOCATION
79||||5||||,539,8,NAME
79||||6||||,0,7,DATE
79||||8||||,0,7,DATE
79||||9||||,639,4,DATE
79||||9||||,673,6,DATE
79||||12||||,1168,7,NAME
79||||13||||,0,7,DATE
79||||16||||,0,7,DATE
79||||19||||,924,5,NAME
79||||19||||,0,7,DATE
79||||27||||,502,1,LOCATION
79||||27||||,490,11,LOCATION
80||||1||||,1138,5,NAME
80||||2||||,729,13,NAME
80||||3||||,1922,5,NAME
80||||3||||,2021,2,AGE
80||||3||||,1498,4,DATE
80||||10||||,2110,5,NAME
80||||10||||,1707,4,NAME
80||||10||||,1720,6,NAME
80||||10||||,635,4,DATE
80||||13||||,1422,5,NAME
80||||13||||,1440,9,CITY
80||||13||||,2057,6,DATE
80||||15||||,1229,5,NAME
80||||15||||,1239,6,NAME
80||||15||||,1292,6,NAME
80||||15||||,1304,12,CITY
80||||16||||,1256,4,NAME
80||||17||||,1719,5,NAME
80||||17||||,1729,6,NAME
80||||17||||,1850,2,AGE
80||||17||||,1881,4,DATE
80||||21||||,452,4,DATE
81||||1||||,12,6,NAME
81||||1||||,1544,11,NAME
81||||1||||,32,9,LOCATION
81||||1||||,1032,3,DATE
81||||1||||,1639,5,PHONE
81||||2||||,17,2,AGE
81||||5||||,1593,4,LOCATION
81||||6||||,278,7,NAME
81||||9||||,1382,5,NAME
81||||15||||,1145,12,NAME
81||||15||||,1219,5,STATE
82||||2||||,1321,4,NAME
82||||2||||,497,6,NAME
82||||2||||,1373,12,PHONE
82||||4||||,2074,19,NAME
82||||6||||,4,5,NAME
82||||7||||,1108,12,PHONE
82||||8||||,51,7,NAME
82||||10||||,113,4,NAME
83||||10||||,683,14,NAME
83||||10||||,1605,14,NAME
84||||1||||,60,1,LOCATION
84||||1||||,48,11,LOCATION
84||||1||||,0,2,AGE
84||||1||||,233,7,DATE
84||||1||||,579,4,DATE
85||||1||||,827,4,DATE
85||||2||||,836,4,NAME
85||||2||||,2032,14,NAME
85||||2||||,35,16,HOSPITAL
85||||2||||,62,4,DATE
85||||5||||,1648,10,NAME
85||||5||||,1563,1,LOCATION
85||||5||||,1551,11,LOCATION
85||||5||||,1568,4,LOCATION
85||||5||||,924,4,DATE
85||||5||||,559,4,DATE
86||||1||||,22,3,AGE
86||||4||||,154,4,DATE
87||||2||||,713,8,NAME
87||||7||||,162,8,NAME
87||||10||||,157,4,NAME
87||||10||||,238,4,NAME
88||||6||||,1098,5,NAME
88||||6||||,770,5,NAME
88||||6||||,234,5,NAME
88||||6||||,1507,8,NAME
88||||8||||,145,5,NAME
88||||10||||,1040,5,DATE
88||||10||||,1046,5,DATE
88||||13||||,20,4,LOCATION
88||||13||||,0,9,DATE
88||||17||||,22,5,DATE
88||||17||||,53,5,DATE
88||||22||||,304,8,NAME
88||||32||||,48,1,LOCATION
88||||32||||,36,11,LOCATION
88||||32||||,0,8,DATE
89||||1||||,348,4,LOCATION
89||||1||||,356,4,LOCATION
89||||1||||,61,2,HOSPITAL
89||||1||||,13,2,AGE
89||||4||||,419,4,LOCATION
89||||8||||,832,5,NAME
89||||8||||,900,5,NAME
89||||8||||,929,10,NAME
89||||8||||,1075,5,NAME
89||||8||||,1178,1,NAME
89||||8||||,1015,5,NAME
89||||8||||,1385,5,NAME
89||||8||||,1053,6,LOCATION
89||||8||||,1132,6,LOCATION
89||||11||||,780,5,NAME
89||||14||||,2084,5,NAME
89||||14||||,180,5,NAME
89||||14||||,143,6,NAME
89||||14||||,683,15,HOSPITAL
89||||14||||,526,6,DATE
89||||14||||,1690,7,DATE
89||||15||||,9,4,LOCATION
89||||22||||,957,5,DATE
89||||22||||,2297,8,DATE
89||||27||||,798,5,NAME
89||||27||||,808,8,NAME
89||||29||||,1190,5,DATE
90||||1||||,914,3,NAME
90||||1||||,890,3,NAME
90||||1||||,868,11,CITY
90||||1||||,927,9,CITY
90||||2||||,941,11,NAME
90||||9||||,43,5,DATE
91||||2||||,62,25,HOSPITAL
91||||2||||,541,2,HOSPITAL
91||||2||||,37,2,AGE
91||||2||||,205,4,DATE
91||||2||||,160,3,DATE
91||||3||||,1388,4,DATE
91||||3||||,1409,4,DATE
91||||4||||,281,2,AGE
91||||7||||,471,7,DATE
91||||9||||,1365,2,AGE
91||||9||||,594,4,DATE
91||||9||||,1391,4,DATE
91||||9||||,861,4,DATE
95||||2||||,4,7,NAME
96||||1||||,331,7,NAME
96||||1||||,1048,14,NAME
96||||1||||,38,1,LOCATION
96||||1||||,26,11,LOCATION
96||||1||||,0,2,AGE
96||||1||||,1064,11,PHONE
96||||2||||,1456,7,CITY
96||||2||||,1502,7,STATE
96||||2||||,1464,2,STATE
96||||2||||,1474,6,DATE
96||||2||||,1517,6,DATE
96||||3||||,90,13,NAME
96||||4||||,54,2,AGE
96||||8||||,19,4,DATE
97||||1||||,9,4,LOCATION
97||||1||||,0,8,DATE
98||||2||||,553,1,LOCATION
98||||2||||,541,11,LOCATION
98||||2||||,0,8,DATE
99||||1||||,55,4,LOCATION
99||||1||||,60,5,DATE
99||||1||||,81,5,DATE
99||||2||||,489,13,NAME
99||||2||||,57,5,DATE
99||||3||||,794,6,NAME
99||||3||||,44,8,DATE
99||||3||||,895,5,DATE
99||||3||||,830,8,DATE
100||||1||||,4,5,NAME
100||||1||||,15,2,AGE
101||||3||||,384,6,NAME
101||||3||||,523,6,NAME
103||||5||||,140,7,NAME
103||||9||||,323,5,DATE
104||||4||||,49,2,HOSPITAL
104||||4||||,64,14,DATE
105||||1||||,718,9,CITY
107||||1||||,20,4,LOCATION
107||||1||||,64,2,HOSPITAL
107||||1||||,70,4,CITY
107||||1||||,86,2,AGE
107||||1||||,140,8,DATE
107||||2||||,110,2,HOSPITAL
107||||2||||,37,2,AGE
107||||2||||,116,5,DATE
107||||2||||,195,5,DATE
107||||3||||,848,5,DATE
107||||5||||,26,5,NAME
107||||6||||,733,7,NAME
108||||8||||,716,4,DATE
108||||11||||,1019,3,NAME
108||||14||||,23,10,DATE
109||||1||||,180,2,HOSPITAL
109||||1||||,128,13,STATE
109||||1||||,20,11,COUNTRY
109||||1||||,78,7,COUNTRY
109||||1||||,2,2,AGE
109||||1||||,68,5,DATE
109||||1||||,162,5,DATE
110||||4||||,764,7,NAME
110||||4||||,899,7,NAME
110||||7||||,1379,7,NAME
110||||7||||,1472,15,NAME
110||||10||||,243,6,NAME
110||||10||||,1044,1,LOCATION
110||||10||||,1032,11,LOCATION
111||||1||||,0,2,AGE
111||||1||||,32,5,DATE
111||||5||||,51,5,NAME
111||||10||||,0,14,DATE
113||||1||||,0,2,AGE
114||||1||||,0,2,AGE
114||||2||||,12,4,DATE
115||||1||||,1395,6,NAME
115||||1||||,43,25,HOSPITAL
115||||1||||,12,2,AGE
116||||5||||,455,6,NAME
116||||8||||,205,7,NAME
117||||1||||,545,2,HOSPITAL
117||||1||||,259,10,HOSPITAL
117||||1||||,9,2,AGE
117||||1||||,203,2,AGE
118||||1||||,0,2,AGE
119||||7||||,1335,8,NAME
119||||11||||,514,6,NAME
119||||13||||,11,4,LOCATION
119||||13||||,0,4,DATE
119||||16||||,792,4,DATE
119||||21||||,930,5,NAME
119||||26||||,0,7,DATE
121||||4||||,327,7,NAME
121||||4||||,417,4,DATE
121||||4||||,929,4,DATE
122||||1||||,0,2,AGE
123||||3||||,37,13,DATE
123||||4||||,683,10,NAME
125||||1||||,1521,3,NAME
125||||1||||,53,2,AGE
125||||1||||,83,3,DATE
125||||2||||,39,8,LOCATION
125||||3||||,65,4,DATE
125||||5||||,169,3,DATE
125||||11||||,312,5,NAME
125||||17||||,662,7,NAME
125||||17||||,847,5,NAME
125||||19||||,678,4,DATE
125||||21||||,0,7,DATE
125||||23||||,0,7,DATE
125||||24||||,0,7,DATE
126||||2||||,632,6,NAME
126||||2||||,706,4,DATE
126||||3||||,931,6,NAME
126||||3||||,15,3,DATE
127||||1||||,0,2,AGE
129||||2||||,147,5,NAME
129||||3||||,281,5,NAME
129||||5||||,541,6,NAME
130||||1||||,402,8,NAME
130||||2||||,354,6,NAME
130||||6||||,44,8,NAME
130||||6||||,58,8,NAME
130||||6||||,292,8,NAME
131||||1||||,1313,7,CITY
131||||2||||,143,4,NAME
131||||4||||,527,6,DATE
131||||5||||,713,4,DATE
131||||5||||,1258,4,DATE
132||||4||||,0,2,AGE
132||||6||||,218,7,NAME
132||||9||||,244,6,NAME
132||||9||||,329,6,NAME
132||||12||||,156,7,NAME
133||||2||||,67,9,NAME
133||||3||||,1030,5,NAME
133||||9||||,512,7,NAME
133||||9||||,327,6,NAME
133||||9||||,0,5,LOCATION
134||||1||||,5,2,AGE
134||||5||||,561,8,NAME
135||||2||||,1829,5,NAME
135||||3||||,193,10,NAME
135||||7||||,0,2,AGE
135||||7||||,46,4,DATE
135||||10||||,323,5,NAME
135||||10||||,406,8,NAME
135||||10||||,1682,8,NAME
135||||10||||,236,10,STATE
135||||10||||,1268,9,DATE
135||||14||||,138,4,NAME
136||||13||||,717,7,NAME
136||||15||||,22,4,DATE
136||||19||||,766,7,NAME
136||||19||||,603,10,NAME
136||||21||||,111,4,DATE
137||||1||||,296,4,LOCATION
137||||1||||,369,5,LOCATION
137||||1||||,20,11,HOSPITAL
137||||1||||,60,2,HOSPITAL
137||||1||||,133,4,DATE
137||||2||||,794,4,NAME
137||||6||||,1123,17,NAME
137||||6||||,1043,4,NAME
137||||6||||,954,2,STATE
137||||6||||,1035,6,DATE
137||||8||||,147,15,NAME
137||||9||||,2268,6,NAME
137||||9||||,2207,6,NAME
137||||9||||,63,6,DATE
137||||9||||,379,8,DATE
137||||9||||,439,3,DATE
137||||10||||,553,6,NAME
137||||10||||,1161,10,NAME
137||||10||||,959,10,NAME
137||||13||||,1110,15,NAME
137||||13||||,1017,4,NAME
137||||13||||,0,4,LOCATION
137||||13||||,47,5,LOCATION
137||||13||||,1027,5,LOCATION
137||||15||||,442,6,NAME
137||||15||||,8,4,LOCATION
137||||16||||,13,4,LOCATION
137||||19||||,184,7,NAME
137||||19||||,196,5,NAME
137||||19||||,319,4,NAME
137||||19||||,59,1,LOCATION
137||||19||||,364,1,LOCATION
137||||19||||,772,1,LOCATION
137||||19||||,47,11,LOCATION
137||||19||||,158,5,LOCATION
137||||19||||,352,11,LOCATION
137||||19||||,760,11,LOCATION
138||||1||||,149,4,DATE
139||||1||||,1503,14,NAME
139||||1||||,401,11,LOCATION
139||||1||||,41,4,LOCATION
139||||1||||,1528,10,STATE
139||||1||||,1589,10,STATE
139||||1||||,8,2,AGE
139||||1||||,387,5,DATE
139||||1||||,155,5,DATE
139||||1||||,100,5,DATE
139||||1||||,1548,12,PHONE
139||||1||||,1565,12,PHONE
139||||1||||,1600,12,PHONE
140||||1||||,53,8,HOSPITAL
140||||1||||,25,2,AGE
140||||3||||,550,10,NAME
140||||4||||,1263,10,NAME
140||||4||||,1644,13,NAME
140||||4||||,1309,5,STATE
140||||9||||,0,4,LOCATION
140||||10||||,0,4,LOCATION
140||||11||||,538,6,NAME
140||||11||||,705,6,NAME
140||||11||||,4,4,LOCATION
140||||11||||,0,3,DATE
141||||2||||,103,8,NAME
141||||3||||,94,3,NAME
142||||4||||,156,11,NAME
142||||5||||,417,5,NAME
143||||1||||,5,2,AGE
143||||2||||,205,5,NAME
143||||7||||,1184,5,NAME
143||||11||||,775,6,NAME
143||||12||||,234,6,NAME
144||||4||||,345,5,NAME
144||||4||||,410,5,NAME
144||||4||||,0,7,DATE
144||||6||||,334,4,DATE
144||||18||||,72,14,DATE
144||||18||||,117,4,DATE
145||||1||||,1084,5,DATE
145||||2||||,2176,8,CITY
145||||2||||,2255,2,AGE
145||||2||||,2365,5,DATE
145||||2||||,2344,5,DATE
146||||1||||,2103,14,NAME
146||||1||||,1995,11,NAME
146||||1||||,0,4,LOCATION
146||||1||||,72,4,LOCATION
146||||1||||,2088,4,LOCATION
146||||1||||,57,2,AGE
146||||1||||,77,4,DATE
146||||1||||,278,3,DATE
146||||1||||,293,3,DATE
146||||1||||,310,3,DATE
146||||2||||,86,4,LOCATION
146||||3||||,29,9,PROFESSION
146||||4||||,1787,15,NAME
146||||4||||,2436,6,NAME
146||||4||||,2354,9,PROFESSION
146||||4||||,2351,2,HOSPITAL
146||||4||||,1827,7,COUNTRY
146||||4||||,2339,6,DATE
146||||6||||,4,6,NAME
146||||6||||,26,2,HOSPITAL
146||||6||||,37,4,DATE
147||||1||||,949,3,NAME
148||||5||||,435,3,DATE
150||||1||||,811,9,NAME
150||||1||||,1332,6,NAME
151||||1||||,802,4,LOCATION
151||||1||||,76,4,LOCATION
151||||2||||,17,4,LOCATION
151||||2||||,1385,8,DATE
151||||17||||,0,4,LOCATION
151||||17||||,428,7,DATE
151||||19||||,508,5,DATE
151||||26||||,670,2,NAME
151||||26||||,327,2,NAME
151||||28||||,1233,8,DATE
151||||30||||,1029,7,DATE
151||||31||||,905,4,DATE
151||||32||||,56,7,NAME
151||||32||||,0,4,LOCATION
151||||32||||,1064,4,DATE
151||||35||||,0,4,LOCATION
151||||35||||,908,4,DATE
151||||35||||,916,4,DATE
151||||35||||,975,4,DATE
151||||36||||,34,13,NAME
151||||36||||,9,4,LOCATION
151||||37||||,0,4,LOCATION
151||||39||||,881,7,NAME
151||||39||||,783,7,NAME
151||||39||||,1258,4,LOCATION
151||||42||||,0,4,LOCATION
151||||46||||,23,10,DATE
151||||47||||,573,4,DATE
151||||51||||,1051,4,DATE
151||||54||||,1404,8,NAME
151||||55||||,3,6,NAME
151||||57||||,423,8,NAME
151||||64||||,17,5,LOCATION
151||||68||||,154,5,NAME
151||||70||||,555,2,NAME
151||||72||||,967,10,NAME
151||||72||||,0,4,LOCATION
151||||73||||,1172,4,LOCATION
151||||73||||,0,4,LOCATION
151||||74||||,71,10,NAME
151||||78||||,686,4,LOCATION
151||||87||||,483,6,NAME
151||||87||||,416,24,HOSPITAL
152||||2||||,10,2,AGE
152||||2||||,686,4,DATE
152||||2||||,177,4,DATE
152||||2||||,276,7,DATE
152||||3||||,430,5,NAME
152||||3||||,693,10,NAME
152||||4||||,393,5,NAME
152||||4||||,1725,2,HOSPITAL
152||||4||||,896,4,DATE
152||||6||||,1908,12,NAME
152||||6||||,0,4,LOCATION
152||||6||||,1838,6,DATE
152||||8||||,1166,5,NAME
152||||8||||,1489,4,LOCATION
152||||9||||,649,12,NAME
152||||13||||,950,6,NAME
152||||14||||,3,6,NAME
153||||1||||,102,8,LOCATION
153||||1||||,248,2,HOSPITAL
153||||1||||,156,13,CITY
153||||1||||,73,2,AGE
153||||1||||,1347,7,DATE
153||||9||||,52,2,AGE
153||||11||||,365,4,DATE
153||||13||||,1188,4,NAME
153||||13||||,52,2,AGE
153||||16||||,209,5,DATE
153||||17||||,1137,4,DATE
153||||20||||,795,16,HOSPITAL
153||||21||||,183,10,HOSPITAL
153||||21||||,547,10,HOSPITAL
153||||21||||,598,16,HOSPITAL
154||||1||||,5,4,LOCATION
154||||1||||,0,4,DATE
154||||2||||,91,11,NAME
154||||2||||,164,11,NAME
154||||2||||,0,4,DATE
154||||3||||,0,7,DATE
155||||2||||,2037,2,AGE
156||||1||||,0,7,DATE
158||||1||||,34,8,LOCATION
158||||1||||,0,2,AGE
158||||3||||,195,8,NAME
158||||6||||,470,9,NAME
159||||1||||,0,2,AGE
159||||1||||,78,4,DATE
159||||2||||,61,8,NAME
160||||1||||,27,6,NAME
160||||1||||,0,4,LOCATION
160||||1||||,40,2,AGE
160||||2||||,98,4,NAME
160||||2||||,0,4,LOCATION
160||||5||||,270,6,NAME
160||||5||||,162,19,LOCATION
161||||1||||,707,6,NAME
161||||2||||,472,4,NAME
161||||3||||,242,6,NAME
161||||3||||,294,3,NAME
161||||4||||,256,5,NAME
161||||7||||,387,4,NAME
162||||4||||,478,3,DATE
162||||6||||,567,4,DATE
163||||4||||,560,8,NAME
